Datetime,Seconds for HTTP GET by IP,Seconds for HTTP GET by Hostname
2018-03-26T03:37:29Z,0.01,0.02
2018-03-26T03:37:39Z,0.01,0.04
2018-03-26T03:37:49Z,0.02,0.02
2018-03-26T03:37:59Z,0.01,0.03
2018-03-26T03:38:09Z,0.01,0.03
2018-03-26T03:38:19Z,0.02,5.53
2018-03-26T03:38:35Z,0.06,0.02
2018-03-26T03:38:45Z,0.01,0.02
2018-03-26T03:38:55Z,0.03,0.14
2018-03-26T03:39:05Z,0.02,0.02
2018-03-26T03:39:15Z,0.01,0.03
2018-03-26T03:39:25Z,0.01,0.01
2018-03-26T03:39:35Z,0.01,0.02
2018-03-26T03:39:46Z,0.02,0.02
2018-03-26T03:39:56Z,0.01,0.03
2018-03-26T03:40:06Z,0.02,0.06
2018-03-26T03:40:16Z,0.01,0.03
2018-03-26T03:40:26Z,0.02,0.03
2018-03-26T03:40:36Z,0.01,0.03
2018-03-26T03:40:46Z,0.01,5.53
2018-03-26T03:41:02Z,0.02,5.53
2018-03-26T03:41:17Z,0.01,5.53
2018-03-26T03:41:33Z,0.01,0.02
2018-03-26T03:41:43Z,0.01,0.26
2018-03-26T03:41:53Z,0.01,0.03
2018-03-26T03:42:03Z,0.02,0.27
2018-03-26T03:42:13Z,0.02,0.03
2018-03-26T03:42:23Z,0.01,0.03
2018-03-26T03:42:34Z,0.02,0.03
2018-03-26T03:42:44Z,0.02,0.03
2018-03-26T03:42:54Z,0.01,0.03
2018-03-26T03:43:04Z,0.01,0.02
2018-03-26T03:43:14Z,0.01,0.02
2018-03-26T03:43:24Z,0.01,0.03
2018-03-26T03:43:34Z,0.02,0.03
2018-03-26T03:43:44Z,0.02,0.03
2018-03-26T03:43:54Z,0.01,0.02
2018-03-26T03:44:04Z,0.01,0.02
2018-03-26T03:44:14Z,0.01,0.03
2018-03-26T03:44:24Z,0.01,0.26
2018-03-26T03:44:34Z,0.01,0.01
2018-03-26T03:44:45Z,0.01,0.02
2018-03-26T03:44:55Z,0.01,0.01
2018-03-26T03:45:05Z,0.01,0.04
2018-03-26T03:45:15Z,0.01,0.03
2018-03-26T03:45:25Z,0.01,0.03
2018-03-26T03:45:35Z,0.02,5.52
2018-03-26T03:45:50Z,0.01,0.03
2018-03-26T03:46:00Z,0.01,0.03
2018-03-26T03:46:11Z,0.01,0.04
2018-03-26T03:46:21Z,0.01,0.03
2018-03-26T03:46:31Z,0.01,0.02
2018-03-26T03:46:41Z,0.01,0.03
2018-03-26T03:46:51Z,0.01,0.01
2018-03-26T03:47:01Z,0.02,5.53
2018-03-26T03:47:16Z,0.01,0.02
2018-03-26T03:47:26Z,0.01,0.04
2018-03-26T03:47:37Z,0.01,0.02
2018-03-26T03:47:47Z,0.01,0.03
2018-03-26T03:47:57Z,0.01,0.03
2018-03-26T03:48:07Z,0.01,0.26
2018-03-26T03:48:17Z,0.02,0.27
2018-03-26T03:48:27Z,0.01,0.02
2018-03-26T03:48:37Z,0.02,0.03
2018-03-26T03:48:47Z,0.01,0.02
2018-03-26T03:48:57Z,0.01,0.02
2018-03-26T03:49:08Z,0.01,0.02
2018-03-26T03:49:18Z,0.01,0.02
2018-03-26T03:49:28Z,0.01,0.02
2018-03-26T03:49:38Z,0.02,0.03
2018-03-26T03:49:48Z,0.01,0.02
2018-03-26T03:49:58Z,0.01,0.03
2018-03-26T03:50:08Z,0.01,0.02
2018-03-26T03:50:18Z,0.03,5.53
2018-03-26T03:50:34Z,0.02,0.02
2018-03-26T03:50:44Z,0.01,0.03
2018-03-26T03:50:54Z,0.01,0.02
2018-03-26T03:51:04Z,0.02,0.03
2018-03-26T03:51:14Z,0.01,0.03
2018-03-26T03:51:24Z,0.01,0.04
2018-03-26T03:51:34Z,0.01,0.04
2018-03-26T03:51:44Z,0.01,0.27
2018-03-26T03:51:54Z,0.01,0.03
2018-03-26T03:52:04Z,0.01,0.02
2018-03-26T03:52:14Z,0.01,0.02
2018-03-26T03:52:24Z,0.01,0.27
2018-03-26T03:52:35Z,0.01,0.02
2018-03-26T03:52:45Z,0.01,0.02
2018-03-26T03:52:55Z,0.01,0.03
2018-03-26T03:53:05Z,0.02,5.52
2018-03-26T03:53:20Z,0.01,0.02
2018-03-26T03:53:31Z,0.01,0.02
2018-03-26T03:53:41Z,0.01,0.02
2018-03-26T03:53:51Z,0.01,5.53
2018-03-26T03:54:06Z,0.01,0.02
2018-03-26T03:54:16Z,0.01,0.02
2018-03-26T03:54:26Z,0.01,0.27
2018-03-26T03:54:37Z,0.01,5.52
2018-03-26T03:54:52Z,0.01,0.02
2018-03-26T03:55:02Z,0.00,0.02
2018-03-26T03:55:12Z,0.01,0.02
2018-03-26T03:55:22Z,0.02,0.02
2018-03-26T03:55:32Z,0.01,0.26
2018-03-26T03:55:43Z,0.01,0.02
2018-03-26T03:55:53Z,0.02,0.03
2018-03-26T03:56:03Z,0.01,0.03
2018-03-26T03:56:13Z,0.01,0.03
2018-03-26T03:56:23Z,0.02,1.53
2018-03-26T03:56:34Z,0.02,0.03
2018-03-26T03:56:45Z,0.01,0.03
2018-03-26T03:56:55Z,0.02,0.02
2018-03-26T03:57:05Z,0.02,0.02
2018-03-26T03:57:15Z,0.01,0.02
2018-03-26T03:57:25Z,0.02,0.02
2018-03-26T03:57:35Z,0.02,0.02
2018-03-26T03:57:45Z,0.01,0.02
2018-03-26T03:57:55Z,0.01,0.03
2018-03-26T03:58:05Z,0.02,5.53
2018-03-26T03:58:21Z,0.02,0.02
2018-03-26T03:58:31Z,0.01,0.02
2018-03-26T03:58:41Z,0.01,0.03
2018-03-26T03:58:51Z,0.02,5.53
2018-03-26T03:59:06Z,0.02,0.02
2018-03-26T03:59:16Z,0.01,0.02
2018-03-26T03:59:26Z,0.01,0.04
2018-03-26T03:59:37Z,0.01,0.04
2018-03-26T03:59:47Z,0.02,5.54
2018-03-26T04:00:02Z,0.01,0.03
2018-03-26T04:00:12Z,0.01,0.02
2018-03-26T04:00:22Z,0.01,0.02
2018-03-26T04:00:32Z,0.01,0.04
2018-03-26T04:00:42Z,0.01,0.02
2018-03-26T04:00:52Z,0.01,0.02
2018-03-26T04:01:03Z,0.01,0.03
2018-03-26T04:01:13Z,0.01,0.03
2018-03-26T04:01:23Z,0.01,0.03
2018-03-26T04:01:33Z,0.01,0.02
2018-03-26T04:01:43Z,0.01,0.05
2018-03-26T04:01:53Z,0.01,5.53
2018-03-26T04:02:08Z,0.01,5.53
2018-03-26T04:02:24Z,0.01,0.02
2018-03-26T04:02:34Z,0.02,0.04
2018-03-26T04:02:44Z,0.01,0.03
2018-03-26T04:02:54Z,0.01,0.02
2018-03-26T04:03:04Z,0.01,0.02
2018-03-26T04:03:14Z,0.01,0.07
2018-03-26T04:03:24Z,0.01,0.03
2018-03-26T04:03:34Z,0.02,0.02
2018-03-26T04:03:44Z,0.01,1.52
2018-03-26T04:03:56Z,0.01,0.03
2018-03-26T04:04:06Z,0.01,0.04
2018-03-26T04:04:16Z,0.01,0.27
2018-03-26T04:04:26Z,0.01,0.02
2018-03-26T04:04:37Z,0.01,0.02
2018-03-26T04:04:47Z,0.01,0.03
2018-03-26T04:04:57Z,0.01,0.03
2018-03-26T04:05:07Z,0.01,0.04
2018-03-26T04:05:17Z,0.01,0.03
2018-03-26T04:05:27Z,0.01,0.02
2018-03-26T04:05:37Z,0.01,0.02
2018-03-26T04:05:47Z,0.01,0.02
2018-03-26T04:05:57Z,0.01,0.02
2018-03-26T04:06:07Z,0.01,0.02
2018-03-26T04:06:17Z,0.01,0.02
2018-03-26T04:06:27Z,0.07,5.53
2018-03-26T04:06:43Z,0.01,0.03
2018-03-26T04:06:53Z,0.03,0.02
2018-03-26T04:07:03Z,0.01,0.02
2018-03-26T04:07:13Z,0.01,5.52
2018-03-26T04:07:29Z,0.01,0.04
2018-03-26T04:07:39Z,0.01,0.02
2018-03-26T04:07:49Z,0.01,5.53
2018-03-26T04:08:04Z,0.01,0.03
2018-03-26T04:08:14Z,0.02,5.53
2018-03-26T04:08:30Z,0.01,0.03
2018-03-26T04:08:40Z,0.01,5.53
2018-03-26T04:08:55Z,0.01,0.03
2018-03-26T04:09:05Z,0.01,5.53
2018-03-26T04:09:21Z,0.01,0.02
2018-03-26T04:09:31Z,0.02,0.03
2018-03-26T04:09:41Z,0.01,0.02
2018-03-26T04:09:51Z,0.02,0.03
2018-03-26T04:10:01Z,0.01,0.02
2018-03-26T04:10:11Z,0.01,0.02
2018-03-26T04:10:21Z,0.01,5.54
2018-03-26T04:10:37Z,0.02,0.03
2018-03-26T04:10:47Z,0.01,0.04
2018-03-26T04:10:57Z,0.01,0.02
2018-03-26T04:11:07Z,0.01,5.53
2018-03-26T04:11:23Z,0.02,0.02
2018-03-26T04:11:33Z,0.01,5.53
2018-03-26T04:11:48Z,0.01,0.03
2018-03-26T04:11:58Z,0.02,5.55
2018-03-26T04:12:14Z,0.01,0.03
2018-03-26T04:12:24Z,0.01,0.03
2018-03-26T04:12:34Z,0.01,5.53
2018-03-26T04:12:50Z,0.01,0.03
2018-03-26T04:13:00Z,0.01,0.03
2018-03-26T04:13:10Z,0.02,0.03
2018-03-26T04:13:20Z,0.01,0.03
2018-03-26T04:13:30Z,0.01,0.08
2018-03-26T04:13:40Z,0.01,0.02
2018-03-26T04:13:50Z,0.01,0.02
2018-03-26T04:14:00Z,0.01,0.03
2018-03-26T04:14:10Z,0.02,0.02
2018-03-26T04:14:20Z,0.01,0.03
2018-03-26T04:14:30Z,0.01,0.02
2018-03-26T04:14:40Z,0.01,0.02
2018-03-26T04:14:50Z,0.01,0.02
2018-03-26T04:15:00Z,0.01,0.03
2018-03-26T04:15:11Z,0.02,0.26
2018-03-26T04:15:21Z,0.02,5.53
2018-03-26T04:15:36Z,0.01,0.27
2018-03-26T04:15:47Z,0.01,0.03
2018-03-26T04:15:57Z,0.08,0.02
2018-03-26T04:16:07Z,0.01,5.53
2018-03-26T04:16:22Z,0.01,0.02
2018-03-26T04:16:32Z,0.01,5.53
2018-03-26T04:16:48Z,0.01,5.53
2018-03-26T04:17:04Z,0.01,0.02
2018-03-26T04:17:14Z,0.01,0.03
2018-03-26T04:17:24Z,0.01,0.04
2018-03-26T04:17:34Z,0.02,0.01
2018-03-26T04:17:44Z,0.01,0.02
2018-03-26T04:17:54Z,0.01,5.52
2018-03-26T04:18:09Z,0.01,0.03
2018-03-26T04:18:20Z,0.01,5.53
2018-03-26T04:18:35Z,0.01,0.27
2018-03-26T04:18:45Z,0.01,5.53
2018-03-26T04:19:01Z,0.02,0.26
2018-03-26T04:19:11Z,0.01,0.03
2018-03-26T04:19:21Z,0.01,0.01
2018-03-26T04:19:31Z,0.01,0.02
2018-03-26T04:19:41Z,0.01,0.03
2018-03-26T04:19:51Z,0.01,0.04
2018-03-26T04:20:02Z,0.01,0.02
2018-03-26T04:20:12Z,0.01,0.02
2018-03-26T04:20:22Z,0.01,0.04
2018-03-26T04:20:32Z,0.01,0.02
2018-03-26T04:20:42Z,0.01,0.03
2018-03-26T04:20:52Z,0.02,0.02
2018-03-26T04:21:02Z,0.01,0.02
2018-03-26T04:21:12Z,0.01,0.03
2018-03-26T04:21:22Z,0.01,0.02
2018-03-26T04:21:32Z,0.02,0.02
2018-03-26T04:21:42Z,0.01,1.52
2018-03-26T04:21:54Z,0.01,0.02
2018-03-26T04:22:04Z,0.01,0.02
2018-03-26T04:22:14Z,0.09,0.02
2018-03-26T04:22:24Z,0.02,0.05
2018-03-26T04:22:34Z,0.01,0.02
2018-03-26T04:22:44Z,0.01,0.03
2018-03-26T04:22:54Z,0.01,0.02
2018-03-26T04:23:04Z,0.01,0.02
2018-03-26T04:23:14Z,0.01,0.02
2018-03-26T04:23:24Z,0.01,0.03
2018-03-26T04:23:34Z,0.01,0.02
2018-03-26T04:23:44Z,0.01,0.03
2018-03-26T04:23:54Z,0.02,0.02
2018-03-26T04:24:05Z,0.01,0.03
2018-03-26T04:24:15Z,0.01,0.03
2018-03-26T04:24:25Z,0.01,0.02
2018-03-26T04:24:35Z,0.01,0.02
2018-03-26T04:24:45Z,0.01,0.02
2018-03-26T04:24:55Z,0.01,0.26
2018-03-26T04:25:05Z,0.01,0.02
2018-03-26T04:25:15Z,0.02,0.02
2018-03-26T04:25:25Z,0.01,0.02
2018-03-26T04:25:35Z,0.01,0.03
2018-03-26T04:25:45Z,0.01,0.03
2018-03-26T04:25:55Z,0.01,0.02
2018-03-26T04:26:05Z,0.01,0.04
2018-03-26T04:26:15Z,0.01,5.53
2018-03-26T04:26:31Z,0.01,0.27
2018-03-26T04:26:41Z,0.01,0.03
2018-03-26T04:26:51Z,0.02,0.05
2018-03-26T04:27:02Z,0.01,0.03
2018-03-26T04:27:12Z,0.01,0.02
2018-03-26T04:27:22Z,0.01,0.03
2018-03-26T04:27:32Z,0.01,0.03
2018-03-26T04:27:42Z,0.01,0.03
2018-03-26T04:27:52Z,0.01,0.14
2018-03-26T04:28:02Z,0.01,1.52
2018-03-26T04:28:14Z,0.01,0.02
2018-03-26T04:28:24Z,0.01,0.04
2018-03-26T04:28:34Z,0.01,0.03
2018-03-26T04:28:44Z,0.01,0.02
2018-03-26T04:28:54Z,0.01,0.03
2018-03-26T04:29:04Z,0.11,0.02
2018-03-26T04:29:14Z,0.01,0.08
2018-03-26T04:29:24Z,0.04,0.02
2018-03-26T04:29:34Z,0.01,0.02
2018-03-26T04:29:44Z,0.11,0.22
2018-03-26T04:29:55Z,0.01,0.02
2018-03-26T04:30:05Z,0.02,0.03
2018-03-26T04:30:15Z,0.01,0.02
2018-03-26T04:30:25Z,0.01,0.04
2018-03-26T04:30:35Z,0.01,5.52
2018-03-26T04:30:50Z,0.03,0.03
2018-03-26T04:31:00Z,0.02,0.02
2018-03-26T04:31:10Z,0.01,0.02
2018-03-26T04:31:21Z,0.01,0.02
2018-03-26T04:31:31Z,0.01,0.02
2018-03-26T04:31:41Z,0.01,0.27
2018-03-26T04:31:51Z,0.01,0.03
2018-03-26T04:32:01Z,0.01,0.03
2018-03-26T04:32:11Z,0.01,0.02
2018-03-26T04:32:21Z,0.01,0.04
2018-03-26T04:32:31Z,0.01,0.04
2018-03-26T04:32:41Z,0.01,5.53
2018-03-26T04:32:57Z,0.09,0.02
2018-03-26T04:33:07Z,0.02,0.04
2018-03-26T04:33:17Z,0.01,0.02
2018-03-26T04:33:27Z,0.02,0.03
2018-03-26T04:33:37Z,0.01,0.02
2018-03-26T04:33:47Z,0.01,0.03
2018-03-26T04:33:57Z,0.01,0.02
2018-03-26T04:34:07Z,0.01,5.55
2018-03-26T04:34:23Z,0.01,0.02
2018-03-26T04:34:33Z,0.01,0.02
2018-03-26T04:34:43Z,0.01,0.27
2018-03-26T04:34:53Z,0.01,0.03
2018-03-26T04:35:03Z,0.01,0.02
2018-03-26T04:35:13Z,0.02,0.03
2018-03-26T04:35:24Z,0.01,0.03
2018-03-26T04:35:34Z,0.02,0.03
2018-03-26T04:35:44Z,0.01,0.27
2018-03-26T04:35:54Z,0.01,5.53
2018-03-26T04:36:10Z,0.01,0.03
2018-03-26T04:36:20Z,0.01,0.02
2018-03-26T04:36:30Z,0.45,0.21
2018-03-26T04:36:40Z,0.01,0.02
2018-03-26T04:36:50Z,0.04,0.09
2018-03-26T04:37:01Z,0.02,0.02
2018-03-26T04:37:11Z,0.01,0.03
2018-03-26T04:37:21Z,0.02,0.02
2018-03-26T04:37:31Z,0.03,0.02
2018-03-26T04:37:41Z,0.01,0.02
2018-03-26T04:37:51Z,0.03,0.04
2018-03-26T04:38:01Z,0.04,5.54
2018-03-26T04:38:17Z,0.01,0.03
2018-03-26T04:38:27Z,0.01,5.52
2018-03-26T04:38:42Z,0.02,0.02
2018-03-26T04:38:52Z,0.01,0.02
2018-03-26T04:39:02Z,0.02,1.09
2018-03-26T04:39:13Z,0.00,0.02
2018-03-26T04:39:23Z,0.02,0.03
2018-03-26T04:39:33Z,0.03,0.05
2018-03-26T04:39:44Z,0.02,0.04
2018-03-26T04:39:54Z,0.01,0.02
2018-03-26T04:40:04Z,0.02,0.03
2018-03-26T04:40:14Z,0.01,0.02
2018-03-26T04:40:24Z,0.01,0.07
2018-03-26T04:40:34Z,0.11,0.04
2018-03-26T04:40:44Z,0.03,0.09
2018-03-26T04:40:54Z,0.02,0.07
2018-03-26T04:41:04Z,0.01,0.02
2018-03-26T04:41:14Z,0.02,5.56
2018-03-26T04:41:30Z,0.08,0.09
2018-03-26T04:41:40Z,0.01,0.03
2018-03-26T04:41:50Z,0.01,0.05
2018-03-26T04:42:00Z,0.02,0.03
2018-03-26T04:42:10Z,0.01,0.27
2018-03-26T04:42:21Z,0.01,0.07
2018-03-26T04:42:31Z,0.02,0.16
2018-03-26T04:42:41Z,0.02,0.02
2018-03-26T04:42:51Z,0.01,0.03
2018-03-26T04:43:01Z,0.03,0.09
2018-03-26T04:43:11Z,0.01,0.02
2018-03-26T04:43:21Z,0.01,0.03
2018-03-26T04:43:31Z,0.01,5.57
2018-03-26T04:43:47Z,0.01,0.02
2018-03-26T04:43:57Z,0.01,0.02
2018-03-26T04:44:07Z,0.76,5.08
2018-03-26T04:44:23Z,0.05,0.01
2018-03-26T04:44:33Z,0.01,0.03
2018-03-26T04:44:43Z,0.01,0.02
2018-03-26T04:44:53Z,0.01,0.03
2018-03-26T04:45:03Z,0.01,5.53
2018-03-26T04:45:19Z,0.02,0.03
2018-03-26T04:45:29Z,0.01,0.03
2018-03-26T04:45:39Z,0.02,0.07
2018-03-26T04:45:49Z,0.01,0.09
2018-03-26T04:45:59Z,0.02,0.03
2018-03-26T04:46:09Z,0.01,5.53
2018-03-26T04:46:25Z,0.03,5.53
2018-03-26T04:46:40Z,0.01,0.03
2018-03-26T04:46:50Z,0.02,0.05
2018-03-26T04:47:01Z,0.01,0.03
2018-03-26T04:47:11Z,0.02,0.03
2018-03-26T04:47:21Z,0.02,0.02
2018-03-26T04:47:31Z,0.01,0.07
2018-03-26T04:47:41Z,0.01,0.03
2018-03-26T04:47:51Z,0.06,0.05
2018-03-26T04:48:01Z,0.01,0.03
2018-03-26T04:48:11Z,0.02,5.53
2018-03-26T04:48:27Z,0.01,0.03
2018-03-26T04:48:37Z,0.01,0.03
2018-03-26T04:48:47Z,0.01,0.04
2018-03-26T04:48:57Z,0.01,0.12
2018-03-26T04:49:07Z,0.01,5.52
2018-03-26T04:49:23Z,0.01,0.02
2018-03-26T04:49:33Z,0.02,5.52
2018-03-26T04:49:48Z,0.02,0.03
2018-03-26T04:49:58Z,0.02,0.01
2018-03-26T04:50:08Z,0.02,0.02
2018-03-26T04:50:18Z,0.01,0.02
2018-03-26T04:50:28Z,0.09,0.03
2018-03-26T04:50:39Z,0.02,5.53
2018-03-26T04:50:54Z,0.01,5.53
2018-03-26T04:51:10Z,0.01,0.02
2018-03-26T04:51:20Z,0.01,0.27
2018-03-26T04:51:30Z,0.02,5.52
2018-03-26T04:51:46Z,0.02,0.02
2018-03-26T04:51:56Z,0.01,0.02
2018-03-26T04:52:06Z,0.02,0.27
2018-03-26T04:52:16Z,0.02,0.03
2018-03-26T04:52:26Z,0.01,0.02
2018-03-26T04:52:36Z,0.01,5.53
2018-03-26T04:52:52Z,0.01,0.27
2018-03-26T04:53:02Z,0.02,0.03
2018-03-26T04:53:12Z,0.01,0.02
2018-03-26T04:53:22Z,0.01,0.02
2018-03-26T04:53:32Z,0.01,0.02
2018-03-26T04:53:42Z,0.01,0.03
2018-03-26T04:53:52Z,0.02,0.03
2018-03-26T04:54:02Z,0.01,0.03
2018-03-26T04:54:13Z,0.01,5.57
2018-03-26T04:54:28Z,0.02,0.07
2018-03-26T04:54:38Z,0.02,0.03
2018-03-26T04:54:48Z,0.01,0.03
2018-03-26T04:54:58Z,0.02,0.02
2018-03-26T04:55:08Z,0.01,0.03
2018-03-26T04:55:18Z,0.01,0.27
2018-03-26T04:55:29Z,0.01,0.02
2018-03-26T04:55:39Z,0.01,0.02
2018-03-26T04:55:49Z,0.02,0.03
2018-03-26T04:55:59Z,0.01,5.53
2018-03-26T04:56:15Z,0.01,0.27
2018-03-26T04:56:25Z,0.02,0.02
2018-03-26T04:56:35Z,0.02,0.04
2018-03-26T04:56:45Z,0.01,0.02
2018-03-26T04:56:55Z,0.01,0.08
2018-03-26T04:57:05Z,0.01,5.53
2018-03-26T04:57:21Z,0.02,0.03
2018-03-26T04:57:31Z,0.02,0.05
2018-03-26T04:57:41Z,0.02,0.03
2018-03-26T04:57:51Z,0.01,0.02
2018-03-26T04:58:01Z,0.01,0.03
2018-03-26T04:58:11Z,0.01,0.03
2018-03-26T04:58:21Z,0.01,0.03
2018-03-26T04:58:31Z,0.01,0.03
2018-03-26T04:58:41Z,0.02,0.03
2018-03-26T04:58:51Z,0.01,0.03
2018-03-26T04:59:01Z,0.02,0.03
2018-03-26T04:59:11Z,0.01,0.02
2018-03-26T04:59:22Z,0.02,5.61
2018-03-26T04:59:37Z,0.02,0.28
2018-03-26T04:59:47Z,0.02,0.02
2018-03-26T04:59:58Z,0.01,0.02
2018-03-26T05:00:08Z,0.01,0.02
2018-03-26T05:00:18Z,0.04,0.04
2018-03-26T05:00:28Z,0.04,5.53
2018-03-26T05:00:43Z,0.01,0.03
2018-03-26T05:00:53Z,0.02,0.03
2018-03-26T05:01:03Z,0.02,0.02
2018-03-26T05:01:14Z,0.02,0.03
2018-03-26T05:01:24Z,0.01,0.03
2018-03-26T05:01:34Z,0.01,0.02
2018-03-26T05:01:44Z,0.02,0.02
2018-03-26T05:01:54Z,0.01,0.02
2018-03-26T05:02:04Z,0.01,0.03
2018-03-26T05:02:14Z,0.01,5.53
2018-03-26T05:02:29Z,0.01,0.27
2018-03-26T05:02:40Z,0.01,0.02
2018-03-26T05:02:50Z,0.01,5.53
2018-03-26T05:03:05Z,0.01,0.03
2018-03-26T05:03:15Z,0.02,0.03
2018-03-26T05:03:26Z,0.01,0.02
2018-03-26T05:03:36Z,0.01,0.26
2018-03-26T05:03:46Z,0.02,0.02
2018-03-26T05:03:56Z,0.02,0.04
2018-03-26T05:04:06Z,0.02,5.53
2018-03-26T05:04:22Z,0.01,5.63
2018-03-26T05:04:37Z,0.01,0.02
2018-03-26T05:04:47Z,0.02,0.03
2018-03-26T05:04:57Z,0.01,0.02
2018-03-26T05:05:07Z,0.01,0.02
2018-03-26T05:05:17Z,0.02,0.02
2018-03-26T05:05:28Z,0.04,0.03
2018-03-26T05:05:38Z,0.01,0.02
2018-03-26T05:05:48Z,0.01,0.03
2018-03-26T05:05:58Z,0.01,0.02
2018-03-26T05:06:08Z,0.01,0.03
2018-03-26T05:06:18Z,0.01,0.02
2018-03-26T05:06:28Z,0.01,0.02
2018-03-26T05:06:38Z,0.02,0.03
2018-03-26T05:06:48Z,0.02,0.04
2018-03-26T05:06:58Z,0.01,0.03
2018-03-26T05:07:08Z,0.02,0.05
2018-03-26T05:07:18Z,0.01,0.02
2018-03-26T05:07:28Z,0.02,0.02
2018-03-26T05:07:38Z,0.01,0.03
2018-03-26T05:07:48Z,0.03,0.03
2018-03-26T05:07:59Z,0.01,0.03
2018-03-26T05:08:09Z,0.01,0.03
2018-03-26T05:08:19Z,0.01,0.02
2018-03-26T05:08:29Z,1.05,0.03
2018-03-26T05:08:40Z,0.02,0.03
2018-03-26T05:08:50Z,0.02,0.03
2018-03-26T05:09:00Z,0.01,0.02
2018-03-26T05:09:10Z,0.01,0.08
2018-03-26T05:09:20Z,0.01,0.02
2018-03-26T05:09:30Z,0.01,0.27
2018-03-26T05:09:41Z,0.09,0.02
2018-03-26T05:09:51Z,0.01,0.03
2018-03-26T05:10:01Z,0.01,0.03
2018-03-26T05:10:11Z,0.02,5.53
2018-03-26T05:10:26Z,0.02,0.03
2018-03-26T05:10:36Z,0.03,5.53
2018-03-26T05:10:52Z,0.01,0.03
2018-03-26T05:11:02Z,0.03,0.03
2018-03-26T05:11:12Z,0.02,0.02
2018-03-26T05:11:22Z,0.02,0.03
2018-03-26T05:11:32Z,0.02,0.03
2018-03-26T05:11:42Z,0.02,0.03
2018-03-26T05:11:52Z,0.05,0.04
2018-03-26T05:12:03Z,0.01,0.02
2018-03-26T05:12:13Z,0.02,0.04
2018-03-26T05:12:23Z,0.01,0.03
2018-03-26T05:12:33Z,0.01,0.27
2018-03-26T05:12:43Z,0.02,0.03
2018-03-26T05:12:53Z,0.12,0.03
2018-03-26T05:13:03Z,0.02,0.03
2018-03-26T05:13:13Z,0.01,0.03
2018-03-26T05:13:23Z,0.02,0.02
2018-03-26T05:13:34Z,0.02,0.03
2018-03-26T05:13:44Z,0.02,0.27
2018-03-26T05:13:54Z,0.01,0.02
2018-03-26T05:14:04Z,0.01,0.02
2018-03-26T05:14:14Z,0.02,5.53
2018-03-26T05:14:30Z,0.13,0.02
2018-03-26T05:14:40Z,0.02,0.02
2018-03-26T05:14:50Z,0.02,0.03
2018-03-26T05:15:00Z,0.01,0.02
2018-03-26T05:15:10Z,0.01,0.02
2018-03-26T05:15:20Z,0.01,0.02
2018-03-26T05:15:30Z,0.01,0.03
2018-03-26T05:15:40Z,0.01,0.02
2018-03-26T05:15:50Z,0.01,0.04
2018-03-26T05:16:00Z,0.02,0.02
2018-03-26T05:16:10Z,0.02,0.03
2018-03-26T05:16:20Z,0.01,0.27
2018-03-26T05:16:31Z,0.02,0.03
2018-03-26T05:16:41Z,0.02,0.02
2018-03-26T05:16:51Z,0.01,0.04
2018-03-26T05:17:01Z,0.02,0.03
2018-03-26T05:17:11Z,0.02,5.53
2018-03-26T05:17:27Z,0.01,0.03
2018-03-26T05:17:37Z,0.01,0.03
2018-03-26T05:17:47Z,0.02,0.02
2018-03-26T05:17:57Z,0.02,0.03
2018-03-26T05:18:07Z,0.01,0.02
2018-03-26T05:18:17Z,0.02,0.03
2018-03-26T05:18:27Z,0.01,0.03
2018-03-26T05:18:37Z,0.01,0.03
2018-03-26T05:18:47Z,0.01,0.03
2018-03-26T05:18:57Z,0.02,0.03
2018-03-26T05:19:07Z,0.02,0.02
2018-03-26T05:19:17Z,0.01,0.04
2018-03-26T05:19:27Z,0.02,0.27
2018-03-26T05:19:38Z,0.01,0.03
2018-03-26T05:19:48Z,0.02,0.03
2018-03-26T05:19:58Z,0.02,0.03
2018-03-26T05:20:08Z,0.01,0.02
2018-03-26T05:20:18Z,0.01,5.54
2018-03-26T05:20:33Z,0.01,0.03
2018-03-26T05:20:44Z,0.01,5.53
2018-03-26T05:20:59Z,0.02,0.03
2018-03-26T05:21:09Z,0.01,0.14
2018-03-26T05:21:19Z,0.03,0.03
2018-03-26T05:21:29Z,0.02,0.03
2018-03-26T05:21:40Z,0.01,0.02
2018-03-26T05:21:50Z,0.02,0.03
2018-03-26T05:22:00Z,0.02,0.02
2018-03-26T05:22:10Z,0.01,0.04
2018-03-26T05:22:20Z,0.02,0.03
2018-03-26T05:22:30Z,0.02,0.06
2018-03-26T05:22:40Z,0.02,0.08
2018-03-26T05:22:50Z,0.02,0.03
2018-03-26T05:23:00Z,0.02,0.02
2018-03-26T05:23:10Z,0.02,0.04
2018-03-26T05:23:20Z,0.01,0.02
2018-03-26T05:23:30Z,0.01,0.07
2018-03-26T05:23:40Z,0.02,0.04
2018-03-26T05:23:51Z,0.01,0.02
2018-03-26T05:24:01Z,0.01,0.03
2018-03-26T05:24:11Z,0.01,0.02
2018-03-26T05:24:21Z,0.02,0.02
2018-03-26T05:24:31Z,0.01,0.01
2018-03-26T05:24:41Z,0.01,0.02
2018-03-26T05:24:51Z,0.01,0.03
2018-03-26T05:25:01Z,0.01,0.01
2018-03-26T05:25:11Z,0.01,0.03
2018-03-26T05:25:21Z,0.02,0.03
2018-03-26T05:25:31Z,0.01,5.52
2018-03-26T05:25:47Z,0.02,0.02
2018-03-26T05:25:57Z,0.01,0.02
2018-03-26T05:26:07Z,0.01,5.53
2018-03-26T05:26:22Z,0.02,0.03
2018-03-26T05:26:32Z,0.01,0.03
2018-03-26T05:26:42Z,0.01,0.27
2018-03-26T05:26:53Z,0.02,0.04
2018-03-26T05:27:03Z,0.01,5.53
2018-03-26T05:27:18Z,0.01,0.02
2018-03-26T05:27:28Z,0.01,0.03
2018-03-26T05:27:39Z,0.01,0.02
2018-03-26T05:27:49Z,0.02,0.02
2018-03-26T05:27:59Z,0.01,0.03
2018-03-26T05:28:09Z,0.01,0.02
2018-03-26T05:28:19Z,0.01,0.03
2018-03-26T05:28:29Z,0.07,0.02
2018-03-26T05:28:39Z,0.02,0.03
2018-03-26T05:28:49Z,0.01,5.54
2018-03-26T05:29:05Z,0.01,0.04
2018-03-26T05:29:15Z,0.01,0.03
2018-03-26T05:29:25Z,0.01,0.03
2018-03-26T05:29:35Z,0.03,0.02
2018-03-26T05:29:45Z,0.01,0.25
2018-03-26T05:29:55Z,0.01,0.04
2018-03-26T05:30:05Z,0.01,0.07
2018-03-26T05:30:15Z,0.07,0.03
2018-03-26T05:30:25Z,0.01,0.01
2018-03-26T05:30:35Z,0.01,0.02
2018-03-26T05:30:46Z,0.01,5.53
2018-03-26T05:31:01Z,0.01,0.02
2018-03-26T05:31:11Z,0.02,0.02
2018-03-26T05:31:21Z,0.01,0.03
2018-03-26T05:31:31Z,0.01,0.11
2018-03-26T05:31:41Z,0.01,0.02
2018-03-26T05:31:51Z,0.01,5.53
2018-03-26T05:32:07Z,0.01,0.03
2018-03-26T05:32:17Z,0.01,0.03
2018-03-26T05:32:27Z,0.11,0.02
2018-03-26T05:32:37Z,0.01,0.16
2018-03-26T05:32:47Z,0.01,0.03
2018-03-26T05:32:58Z,0.02,0.04
2018-03-26T05:33:08Z,0.01,0.27
2018-03-26T05:33:18Z,0.01,0.03
2018-03-26T05:33:28Z,0.02,5.53
2018-03-26T05:33:44Z,0.01,0.02
2018-03-26T05:33:54Z,0.01,0.04
2018-03-26T05:34:04Z,0.02,0.03
2018-03-26T05:34:14Z,0.03,0.04
2018-03-26T05:34:24Z,0.01,0.03
2018-03-26T05:34:34Z,0.01,0.05
2018-03-26T05:34:44Z,0.02,0.02
2018-03-26T05:34:54Z,0.02,0.02
2018-03-26T05:35:04Z,0.01,0.02
2018-03-26T05:35:14Z,0.02,0.02
2018-03-26T05:35:24Z,0.02,0.02
2018-03-26T05:35:34Z,0.02,0.03
2018-03-26T05:35:44Z,0.02,0.02
2018-03-26T05:35:54Z,0.02,0.03
2018-03-26T05:36:05Z,0.02,0.02
2018-03-26T05:36:15Z,0.01,0.02
2018-03-26T05:36:25Z,0.01,0.03
2018-03-26T05:36:35Z,0.01,0.03
2018-03-26T05:36:45Z,0.02,0.03
2018-03-26T05:36:55Z,0.01,0.02
2018-03-26T05:37:05Z,0.01,5.53
2018-03-26T05:37:20Z,0.01,0.26
2018-03-26T05:37:31Z,0.01,5.52
2018-03-26T05:37:46Z,0.02,5.53
2018-03-26T05:38:02Z,0.02,0.02
2018-03-26T05:38:12Z,0.01,0.03
2018-03-26T05:38:22Z,0.01,6.67
2018-03-26T05:38:39Z,0.02,0.03
2018-03-26T05:38:49Z,0.01,5.53
2018-03-26T05:39:04Z,0.01,0.01
2018-03-26T05:39:14Z,0.01,0.02
2018-03-26T05:39:24Z,0.03,0.03
2018-03-26T05:39:34Z,0.01,0.04
2018-03-26T05:39:45Z,0.02,0.03
2018-03-26T05:39:55Z,0.01,0.03
2018-03-26T05:40:05Z,0.01,0.02
2018-03-26T05:40:15Z,0.01,5.53
2018-03-26T05:40:30Z,0.01,0.02
2018-03-26T05:40:40Z,0.01,0.03
2018-03-26T05:40:50Z,0.01,0.03
2018-03-26T05:41:01Z,0.01,0.03
2018-03-26T05:41:11Z,0.02,0.02
2018-03-26T05:41:21Z,0.01,5.53
2018-03-26T05:41:36Z,0.01,0.03
2018-03-26T05:41:46Z,0.01,0.02
2018-03-26T05:41:56Z,0.01,5.53
2018-03-26T05:42:12Z,0.01,0.03
2018-03-26T05:42:22Z,0.02,5.53
2018-03-26T05:42:38Z,0.01,0.27
2018-03-26T05:42:48Z,0.01,5.53
2018-03-26T05:43:03Z,0.01,0.02
2018-03-26T05:43:13Z,0.01,0.03
2018-03-26T05:43:24Z,0.01,0.02
2018-03-26T05:43:34Z,0.01,0.02
2018-03-26T05:43:44Z,0.01,0.03
2018-03-26T05:43:54Z,0.02,0.02
2018-03-26T05:44:04Z,0.01,0.02
2018-03-26T05:44:14Z,0.02,0.02
2018-03-26T05:44:24Z,0.01,0.03
2018-03-26T05:44:34Z,0.02,0.02
2018-03-26T05:44:44Z,0.01,0.02
2018-03-26T05:44:54Z,0.01,0.03
2018-03-26T05:45:04Z,0.01,0.04
2018-03-26T05:45:14Z,0.01,0.02
2018-03-26T05:45:24Z,0.02,0.03
2018-03-26T05:45:34Z,0.02,0.27
2018-03-26T05:45:45Z,0.01,0.26
2018-03-26T05:45:55Z,0.06,0.02
2018-03-26T05:46:05Z,0.02,0.03
2018-03-26T05:46:15Z,0.02,0.02
